model_type,hidden_layers,hidden_units,adam_lr,adam_iters,lbfgs_iters,activation,grid_size,spline_order,sampling,sigma,exp_scale,n_obs_u,n_obs_k,n_pde,seed,pde_alpha,pde_beta,epsilon,parameters,training_time_sec,compute_time_sec,evaluation_time_ms,first_derivative_time_ms,second_derivative_time_ms,err_u_global,err_k_global,err_u_inside,err_u_outside,err_k_inside,err_k_outside,mean_global_error,timestamp
KAN,2,15,0.0001,2000,2000,,5,4,gaussian_exponential,5.5,7.0,100,100,1000,42,0.5,5.0,1.0,5940,339.41329285499523,349.6805257797241,47.32671499368735,111.7750589910429,260.2589260059176,0.0026561231908039063,0.0007601018090128856,0.0037146071257475634,0.0023032952124893537,0.0003855423850525416,0.0008849549503330001,0.0017081124999083958,2026-09-20_20-46-52
KAN,3,35,0.001,2000,2000,,7,3,gaussian_exponential,5.5,7.0,100,100,1000,42,0.5,5.0,1.0,61320,368.35935216200596,394.1302959918976,130.53121899429243,2750.2029040042544,10811.404781998135,0.002954120991034585,0.000765039389007962,0.004997782834914372,0.0022729003764079886,0.0008371942142689281,0.00074098778058764,0.0018595801900212735,2026-09-20_20-52-41
KAN,1,25,0.001,2000,2000,,7,4,gaussian_exponential,5.5,7.0,100,100,1000,42,0.5,5.0,1.0,1950,251.66376039400348,264.1387903690338,45.0072050007293,1305.3099490061868,3008.117257995764,0.004432464404925186,0.00105444307774724,0.005638981668403251,0.00403029198376583,0.0007202293007621469,0.0011658476700756044,0.0027434537413362128,2026-09-20_20-59-15
KAN,1,35,0.01,2000,2000,,5,3,gaussian_exponential,5.5,7.0,100,100,1000,42,0.5,5.0,1.0,2100,210.37988756799314,220.22023129463196,58.64537399611436,775.246099990909,1608.6805889935931,0.017073966172792207,0.1086767804678038,0.025375847800255612,0.014306672296971069,0.1327871198797542,0.1006400006638203,0.062875373320298,2026-09-20_21-03-40
KAN,3,35,0.001,2000,2000,,5,2,gaussian_exponential,5.5,7.0,100,100,1000,42,0.5,5.0,1.0,45990,122.67705376099912,131.38928174972534,52.29774299368728,853.9810719958041,3076.0469990054844,0.01522651152025527,0.008165909070929876,0.01694992189620449,0.01465204139493886,0.008407081405349941,0.008085518292789853,0.011696210295592573,2026-09-20_21-07-20
KAN,2,35,0.001,2000,2000,,3,4,gaussian_exponential,5.5,7.0,100,100,1000,42,0.5,5.0,1.0,23940,360.78620246000355,381.4557263851166,128.06448500487022,2883.3108999970136,6433.84021599195,0.003061808914699588,0.001511179061140929,0.0031846377769404926,0.003020865960619286,0.0013863061485211762,0.0015528033653475135,0.0022864939879202583,2026-09-20_21-09-31
KAN,3,25,0.01,2000,2000,,3,4,gaussian_exponential,5.5,7.0,100,100,1000,42,0.5,5.0,1.0,23850,474.4451557329885,499.8031470775604,106.05640099674929,2837.052953997045,6124.187134992098,0.0008809738463168475,0.0007950904152517421,0.0012900014612030782,0.0007446313080214374,0.00033565245527866696,0.0009482364019094336,0.0008380321307842948,2026-09-20_21-15-53
KAN,3,35,0.001,2000,2000,,5,3,gaussian_exponential,5.5,7.0,100,100,1000,42,0.5,5.0,1.0,51100,378.38785704999464,401.03746366500854,455.16183400468435,4157.658322001225,6974.722828002996,0.002504696531581326,0.0008888617550846145,0.0035907776431027896,0.002142669494407505,0.0007334859608656033,0.0009406536864909517,0.0016967791433329703,2026-09-20_21-24-13
KAN,2,35,0.01,2000,2000,,5,2,gaussian_exponential,5.5,7.0,100,100,1000,42,0.5,5.0,1.0,23940,92.24862134100113,98.1531753540039,35.79801799787674,1129.1109660087386,1685.0592120026704,0.006635319834589166,0.0020498297169546,0.009256363263328744,0.005761638691675972,0.002032985116142618,0.0020554445838919275,0.004342574775771883,2026-09-20_21-30-54
KAN,3,25,0.0001,2000,2000,,5,4,gaussian_exponential,5.5,7.0,100,100,1000,42,0.5,5.0,1.0,29150,475.2835451030114,504.32647585868835,125.27371499163564,3354.1228989925003,9423.626777002937,0.0017256244055373945,0.0006016408191484226,0.0018409120953928142,0.001687195175585588,0.0004774919445154404,0.0006430237773594167,0.0011636326123429085,2026-09-20_21-32-32
KAN,3,25,0.01,2000,2000,,3,4,gaussian_exponential,5.5,7.0,100,100,1000,42,0.5,5.0,1.0,23850,478.2849743160041,504.7285132408142,1248.9346189977368,3268.4768329927465,9119.82963999617,0.00137720669520516,0.0007838310164223325,0.0016330816051457041,0.0012919150585583119,0.00020161384501792375,0.0009779034068904686,0.0010805188558137462,2026-09-20_21-40-56
KAN,3,25,0.01,2000,2000,,3,4,gaussian_exponential,5.5,7.0,100,100,1000,42,0.5,5.0,1.0,23850,473.0143723219953,498.1955523490906,1222.0537890098058,3180.8277560048737,8912.972067002556,0.0010647069370429102,0.0007547825407043757,0.0012882841489102828,0.0009901811997537857,0.00019652571056033254,0.00094086815075239,0.0009097447388736429,2026-09-20_21-49-21
KAN,3,15,0.01,2000,2000,,3,2,gaussian_exponential,5.5,7.0,100,100,1000,42,0.5,5.0,1.0,6930,121.7932838859997,124.60361933708191,22.922796997590922,47.61639500793535,90.83311699214391,0.010011452889048408,0.00293821022785928,0.010022345532391728,0.010007822007933969,0.0024528110147274376,0.0031000099655698952,0.006474831558453844,2026-09-20_21-57-39
KAN,1,25,0.01,2000,2000,,3,3,gaussian_exponential,5.5,7.0,100,100,1000,42,0.5,5.0,1.0,1200,214.5106888320006,220.36510109901428,135.29672900040168,358.4841550036799,751.9975169998361,0.015131875015452056,0.0013789826092136255,0.01442947988028888,0.015366006727173111,0.0011069218082197557,0.0014696695428782487,0.00825542881233284,2026-09-20_21-59-44
KAN,2,25,0.01,2000,2000,,7,4,gaussian_exponential,5.5,7.0,100,100,1000,42,0.5,5.0,1.0,18200,365.4838034449931,382.33811378479004,1082.0305939996615,2953.7756350036943,6925.744312000461,0.001261874972284343,0.0008033649986422029,0.0018669609087834992,0.0010601796601179573,0.0004925206207061976,0.000906979791287538,0.0010326199854632729,2026-09-20_22-03-24
KAN,3,35,0.01,2000,2000,,3,4,gaussian_exponential,5.5,7.0,100,100,1000,42,0.5,5.0,1.0,45990,480.66131744001177,505.99167561531067,1595.4302830068627,4639.140315004624,9917.02519300452,0.001680444062100082,0.001101612665008445,0.0014762679170729565,0.0017485027771091234,0.0007667167583088753,0.0012132446339083018,0.0013910283635542634,2026-09-20_22-09-46
KAN,3,15,0.01,2000,2000,,7,4,gaussian_exponential,5.5,7.0,100,100,1000,42,0.5,5.0,1.0,12870,475.66587041900493,490.42354917526245,464.0474319894565,2024.2866299959132,3489.737474999856,0.0014387167307074416,0.0007408328958788335,0.0014714358659299383,0.0014278103522999428,0.00030264492526213646,0.0008868955527510657,0.0010897748132931376,2026-09-20_22-18-12
KAN,1,15,0.0001,2000,2000,,3,4,gaussian_exponential,5.5,7.0,100,100,1000,42,0.5,5.0,1.0,810,257.49159608301125,258.5380959510803,14.365893002832308,49.32275200553704,104.33404899958987,0.08009639060901,0.08049297756884412,0.06392150677421235,0.08548801855394254,0.0900685272809324,0.07730112766481469,0.08029468408892707,2026-09-20_22-26-23
KAN,3,25,0.0001,2000,2000,,3,2,gaussian_exponential,5.5,7.0,100,100,1000,42,0.5,5.0,1.0,18550,129.61800441499508,131.69916343688965,30.20715300226584,70.04192899330519,161.73454299860168,0.4354571338255423,0.17921882492511473,0.5990193775787406,0.3809363859078095,0.15978982870699615,0.18569515699782094,0.30733797937532853,2026-09-20_22-30-41
KAN,3,25,0.01,2000,2000,,7,3,gaussian_exponential,5.5,7.0,100,100,1000,42,0.5,5.0,1.0,31800,387.9629268889985,403.04574942588806,1475.5297239898937,3899.5099309977377,8782.679332987755,0.0013086560045015166,0.0008453620683074913,0.0019324080870821842,0.001100738643641294,0.0004894306881466384,0.0009640058616944423,0.0010770090364045038,2026-09-20_22-32-53
KAN,3,25,0.001,2000,2000,,3,4,gaussian_exponential,5.5,7.0,100,100,1000,42,0.5,5.0,1.0,23850,486.2150104940083,502.8743143081665,1275.1854910020484,2932.7588110027136,9319.986385002267,0.0031949519857221356,0.0037537190010942753,0.0038829553975780655,0.0029656175151034922,0.0032765318218118894,0.003912781394188403,0.003474335493408205,2026-09-20_22-39-36
KAN,2,25,0.01,2000,2000,,7,4,gaussian_exponential,5.5,7.0,100,100,1000,42,0.5,5.0,1.0,18200,366.9424688900035,380.17957496643066,922.6231229986297,3307.2108369960915,8605.910529993707,0.001977819466149206,0.0009847500981820976,0.001812152172458181,0.0020330418973795476,0.0006698936115891068,0.0010897022603797613,0.001481284782165652,2026-09-20_22-47-59
KAN,2,25,0.01,2000,2000,,5,4,gaussian_exponential,5.5,7.0,100,100,1000,42,0.5,5.0,1.0,15400,372.9150936579972,386.62557435035706,1249.7113570134388,2429.776210003183,8377.242667993414,0.0020035372680799325,0.0009834952134267184,0.002456038960639556,0.0018527033705600577,0.0004115064258537934,0.0011741581426176935,0.0014935162407533255,2026-09-20_22-54-19
KAN,2,25,0.001,2000,2000,,7,3,gaussian_exponential,5.5,7.0,100,100,1000,42,0.5,5.0,1.0,16800,297.0072443329991,305.6091411113739,918.679433001671,2276.460463006515,4858.966330997646,0.004140181354887997,0.0009097108146938299,0.005932261218682339,0.003542821400289883,0.0007739792448554575,0.0009549546713066208,0.0025249460847909136,2026-09-20_23-00-46
KAN,1,25,0.01,2000,2000,,3,4,gaussian_exponential,5.5,7.0,100,100,1000,42,0.5,5.0,1.0,1350,259.8653776209976,265.42991495132446,406.5748909924878,1314.731064994703,2911.945078987628,0.013853366307807615,0.002293833019283846,0.010488003122825528,0.01497515403613498,0.0032969195963567736,0.0019594708269262033,0.008073599663545731,2026-09-20_23-05-52
KAN,2,15,0.01,2000,2000,,7,2,gaussian_exponential,5.5,7.0,100,100,1000,42,0.5,5.0,1.0,5940,93.12720497600094,94.53057861328125,23.202349999337457,41.22791400004644,104.0757900045719,0.01131146161473324,0.002094194671826621,0.014254670545429574,0.010330391971167797,0.0020212780320823013,0.002118500218408061,0.0067028281432799305,2026-09-20_23-10-17
KAN,2,35,0.0001,2000,2000,,7,4,gaussian_exponential,5.5,7.0,100,100,1000,42,0.5,5.0,1.0,34580,368.2825662980031,389.22175335884094,790.4797639930621,2943.211470003007,11752.793232997647,0.0021286153839485435,0.000573615471336771,0.003479583890092801,0.001678292548567124,0.0005706257287507037,0.0005746120521987935,0.0013511154276426574,2026-09-20_23-11-52
KAN,2,15,0.01,2000,2000,,3,4,gaussian_exponential,5.5,7.0,100,100,1000,42,0.5,5.0,1.0,4860,367.1633009109937,369.49814677238464,33.27303199330345,97.29373799927998,408.0248499958543,0.0030039278802481643,0.0005694574669247129,0.004006924657369166,0.00266959562120783,0.00047244480573165824,0.000601795020655731,0.0017866926735864387,2026-09-20_23-18-21
KAN,2,25,0.001,2000,2000,,3,2,gaussian_exponential,5.5,7.0,100,100,1000,42,0.5,5.0,1.0,9800,93.57361943500291,94.96961569786072,19.851303004543297,46.08997399918735,103.56508199765813,0.013541571715443644,0.004813598439769636,0.014797530821229168,0.013122918680181802,0.006150462035926644,0.004367977241050633,0.00917758507760664,2026-09-20_23-24-30
KAN,2,25,0.0001,2000,2000,,7,4,gaussian_exponential,5.5,7.0,100,100,1000,42,0.5,5.0,1.0,18200,365.6203736680036,379.6227765083313,975.9850049886154,3219.6681380009977,8289.60580099374,0.0018881338258163332,0.0006519252021687233,0.003909052906234936,0.0012144941323434652,0.0006086229058865162,0.0006663593009294589,0.0012700295139925282,2026-09-20_23-26-05
KAN,1,35,0.01,2000,2000,,7,4,gaussian_exponential,5.5,7.0,100,100,1000,42,0.5,5.0,1.0,2730,259.12868540700583,269.7122690677643,956.5845040051499,2335.329647990875,4876.871324988315,0.00916719164701766,0.0011926190707265583,0.004187032312947898,0.010827244758374247,0.0015538540295519094,0.0010722074177847748,0.005179905358872109,2026-09-20_23-32-25
KAN,3,25,0.01,2000,2000,,7,3,gaussian_exponential,5.5,7.0,100,100,1000,42,0.5,5.0,1.0,31800,390.1784576189966,408.56848549842834,1424.703317010426,3997.88779100345,9125.417970994022,0.0013280408829951995,0.0010152206756558538,0.001613901814741001,0.001232753905746599,0.000808709222307275,0.001084057826772047,0.0011716307793255267,2026-09-20_23-36-55
KAN,3,25,0.01,2000,2000,,7,2,gaussian_exponential,5.5,7.0,100,100,1000,42,0.5,5.0,1.0,29150,125.50356810200901,137.54410219192505,952.1518940018723,2501.3644600112457,4661.24113999831,0.006285602646713719,0.0028513613495484307,0.011120909967041423,0.00467383353993782,0.004219773286823017,0.002395224037123569,0.004568481998131075,2026-09-20_23-43-43
KAN,3,15,0.0001,2000,2000,,7,3,gaussian_exponential,5.5,7.0,100,100,1000,42,0.5,5.0,1.0,11880,384.7379041249951,389.79741382598877,52.41672901320271,135.20015000540297,2297.670214000391,0.0021813630664692584,0.0007455216940191567,0.002541215756742235,0.0020614121697115997,0.0007546750989118744,0.0007424705590549173,0.0014634423802442076,2026-09-20_23-46-01
KAN,3,25,0.01,2000,2000,,7,4,gaussian_exponential,5.5,7.0,100,100,1000,42,0.5,5.0,1.0,34450,493.8695594800083,516.536431312561,1484.969124008785,4738.050517000374,13810.718673994415,0.0008171093667637361,0.0008921206806613327,0.000875159722014811,0.0007977592483467111,0.0007328129527526367,0.0009452232566308979,0.0008546150237125344,2026-09-20_23-52-31
KAN,3,25,0.01,2000,2000,,7,4,gaussian_exponential,5.5,7.0,100,100,1000,42,0.5,5.0,1.0,34450,505.9107829690038,528.7939887046814,1740.6023169896798,4656.015137996292,13834.779387994786,0.0009830292984056757,0.0015309284776240017,0.001236196124930798,0.0008986403562306349,0.0008618460038293147,0.001753955968888897,0.0012569788880148387,2026-09-21_00-01-07
KAN,2,25,0.01,2000,2000,,3,4,gaussian_exponential,5.5,7.0,100,100,1000,42,0.5,5.0,1.0,12600,372.1443888720096,382.99649930000305,861.0161630058428,2259.361733988044,4809.45369899564,0.0032849844825108042,0.0006294938708723717,0.0030313072017290167,0.003369543576104734,0.0004790269713603221,0.000679649504043055,0.001957239176691588,2026-09-21_00-09-56
KAN,3,25,0.001,2000,2000,,7,4,gaussian_exponential,5.5,7.0,100,100,1000,42,0.5,5.0,1.0,34450,479.54439341899706,502.13949608802795,1620.9236709983088,4672.62310400838,13645.855246999417,0.0015086782577149926,0.0009269691236867903,0.0022797033540096173,0.0012516698922834513,0.0007073951027014251,0.0010001604640152452,0.0012178236907008915,2026-09-21_00-16-19
KAN,3,25,0.01,2000,2000,,5,4,gaussian_exponential,5.5,7.0,100,100,1000,42,0.5,5.0,1.0,29150,487.3378470400057,509.6854155063629,1868.2808369921986,3402.834722000989,11135.794044996146,0.0017076647833408317,0.0011743021561240428,0.0017312065930780872,0.001699817513428413,0.000534920009501124,0.0013874295383316828,0.0014409834697324373,2026-09-21_00-24-41
KAN,3,25,0.01,2000,2000,,3,2,gaussian_exponential,5.5,7.0,100,100,1000,42,0.5,5.0,1.0,18550,126.44686645199545,129.0973448753357,43.587110994849354,93.85984600521624,214.66635400429368,0.006326920985101276,0.00224201792764299,0.014671554006064713,0.003545376644780132,0.0021509197855656796,0.0022723839750020927,0.004284469456372134,2026-09-21_00-33-11
KAN,2,35,0.01,2000,2000,,7,3,gaussian_exponential,5.5,7.0,100,100,1000,42,0.5,5.0,1.0,31920,304.1028483679984,315.4504117965698,1073.5246049880516,2870.125294997706,6724.671635995037,0.0024723961840481274,0.000704039157688534,0.004378225335311365,0.0018371198002937144,0.0008107962173116764,0.0006684534711474865,0.0015882176708683308,2026-09-21_00-35-20
KAN,3,25,0.01,2000,2000,,3,3,gaussian_exponential,5.5,7.0,100,100,1000,42,0.5,5.0,1.0,21200,386.2855300289957,392.75425004959106,416.9934700039448,1202.9421829938656,3214.5962780050468,0.001482256866405537,0.000603997581768624,0.0014811943529937659,0.001482611037542794,0.0004239530922899201,0.0006640124115948585,0.0010431272240870805,2026-09-21_00-40-35
KAN,3,25,0.0001,2000,2000,,3,3,gaussian_exponential,5.5,7.0,100,100,1000,42,0.5,5.0,1.0,21200,388.04136108800594,394.41588401794434,404.93833299842663,1189.255568999215,3152.8290220012423,0.003745906025246225,0.001163604250384699,0.004428787721755424,0.003518278793076492,0.0010994188468516236,0.0011849993848957242,0.002454755137815462,2026-09-21_00-47-08
KAN,3,25,0.01,2000,2000,,3,3,gaussian_exponential,5.5,7.0,100,100,1000,42,0.5,5.0,1.0,21200,388.2388344719948,394.80283522605896,429.4966620072955,1237.8518309997162,3244.96837699553,0.0016916366139675077,0.0006957072406158157,0.0018818003394868877,0.0016282487054610473,0.0005841576172950269,0.0007328904483894121,0.0011936719272916617,2026-09-21_00-53-43
KAN,2,15,0.001,2000,2000,,7,4,gaussian_exponential,5.5,7.0,100,100,1000,42,0.5,5.0,1.0,7020,368.48886444300297,375.11862444877625,315.9301459963899,1360.0035829877015,3161.49074700661,0.0018191423664429727,0.0006809809504720708,0.0030435487771391474,0.0014110068962109143,0.0006228569903663445,0.0007003556038406463,0.0012500616584575218,2026-09-21_01-00-17
KAN,1,25,0.01,2000,2000,,7,4,gaussian_exponential,5.5,7.0,100,100,1000,42,0.5,5.0,1.0,1950,259.4621394179994,266.02806973457336,441.38263500644825,1506.2472879944835,3893.721529006143,0.004476789705678552,0.0006697313991743958,0.00511262712906039,0.004264843897884607,0.0009052858472413071,0.0005912132498187587,0.002573260552426474,2026-09-21_01-06-33
KAN,3,15,0.01,2000,2000,,5,3,gaussian_exponential,5.5,7.0,100,100,1000,42,0.5,5.0,1.0,9900,382.4793485419941,386.3154592514038,39.33423399575986,109.57549499289598,1069.550291998894,0.0013627921535614583,0.00031247072800248015,0.0010561588147017821,0.0014650032665146837,0.00022739794864556258,0.0003408283211214527,0.0008376314407819692,2026-09-21_01-10-59
KAN,3,15,0.001,2000,2000,,5,3,gaussian_exponential,5.5,7.0,100,100,1000,42,0.5,5.0,1.0,9900,382.4593998019991,386.4649829864502,43.40687100193463,116.68545599968638,1074.2203789995983,0.0029621709674537327,0.0007583201843387481,0.0036125795419458995,0.0027453681092896765,0.0009416925857539112,0.0006971960505336937,0.0018602455758962404,2026-09-21_01-17-25
KAN,3,15,0.01,2000,2000,,5,3,gaussian_exponential,5.5,7.0,100,100,1000,42,0.5,5.0,1.0,9900,384.9240377630049,388.7372326850891,45.62608999549411,107.06329999084119,1057.9402020084672,0.001824888048456385,0.0005082757214296187,0.0011258226492619362,0.0020579098481878673,0.00043400309894132266,0.0005330332622590508,0.0011665818849430018,2026-09-21_01-23-51
KAN,3,25,0.01,2000,2000,,3,4,gaussian_exponential,5.5,7.0,100,100,1000,42,0.5,5.0,1.0,23850,477.964216324006,496.33424496650696,1286.4494189998368,2973.9558529981878,9431.554975992185,0.001665472182748967,0.0010304569687013337,0.002927081015544538,0.001244935905150443,0.00041210219013868075,0.001236575228222218,0.0013479645757251504,2026-09-21_01-30-20
