model_type,hidden_layers,hidden_units,adam_lr,adam_iters,lbfgs_iters,activation,grid_size,spline_order,sampling,sigma,exp_scale,n_obs_u,n_obs_k,n_pde,seed,lambda_pde_scheduler,adaptive_weights,alpha,update_every,regularization,pde_alpha,pde_beta,epsilon,parameters,flops,compute_time_sec,err_u_global,err_k_global,err_u_inside,err_u_outside,err_k_inside,err_k_outside,mean_global_error,timestamp
MLP,1,25,0.001,2000,2000,Tanh(),,,gaussian,5.5,1.0,100,100,1000,2,True,True,7,100,False,0.5,5.0,1.0,1502,2800,60.873104095458984,0.16551030531457392,0.8943275888602402,0.20399375704218048,0.14084142600200558,1.1547822369429868,0.7273694811148899,0.529918947087407,2026-09-09_14-24-33
MLP,1,28,0.001,2000,2000,Tanh(),,,gaussian,5.5,1.0,100,100,1000,2,True,True,7,100,False,0.5,5.0,1.0,1850,3472,64.208811044693,0.05509556964403066,0.6623291528052161,0.05900427518501086,0.05258998916904333,0.8776716843475143,0.5242890684832301,0.35871236122462336,2026-09-09_14-25-34
MLP,1,30,0.001,2000,2000,Tanh(),,,gaussian,5.5,1.0,100,100,1000,2,True,True,7,100,False,0.5,5.0,1.0,2102,3960,60.47899770736694,0.059660095103322874,0.7210861143261078,0.06869175920932277,0.05387056683024602,0.8239298769979354,0.6551606254339105,0.3903731047147153,2026-09-09_14-26-39
MLP,2,58,0.001,2000,2000,Tanh(),,,gaussian,5.5,1.0,100,100,1000,2,True,True,7,100,False,0.5,5.0,1.0,14154,27608,65.78043341636658,0.010377032013005737,0.00024676799642288545,0.020162190352828773,0.004104494615683276,0.00029686121251082875,0.0002146569604690757,0.005311900004714311,2026-09-09_14-27-39
MLP,2,69,0.001,2000,2000,Tanh(),,,gaussian,5.5,1.0,100,100,1000,2,True,True,7,100,False,0.5,5.0,1.0,19874,38916,74.42175841331482,0.013245095879882093,0.0003003820064784572,0.027581296327304765,0.004055223798200892,0.00017912202154353316,0.0003781127660521264,0.006772738943180275,2026-09-09_14-28-45
MLP,2,80,0.001,2000,2000,Tanh(),,,gaussian,5.5,1.0,100,100,1000,2,True,True,7,100,False,0.5,5.0,1.0,26562,52160,67.0513379573822,0.005776633623964477,0.0001996200998244809,0.00882430340801691,0.00382299914700779,0.00018182038562920572,0.00021103017302658036,0.002988126861894479,2026-09-09_14-29-59
MLP,3,65,0.001,2000,2000,Tanh(),,,gaussian,5.5,1.0,100,100,1000,2,True,True,7,100,False,0.5,5.0,1.0,26262,51480,74.79030895233154,0.008404613676160107,0.0007726875564150407,0.018630245433164543,0.001849721524234188,0.000290855541304638,0.0010815542327678631,0.004588650616287574,2026-09-09_14-31-06
MLP,3,78,0.001,2000,2000,Tanh(),,,gaussian,5.5,1.0,100,100,1000,2,True,True,7,100,False,0.5,5.0,1.0,37598,73944,75.94115376472473,0.016170702158051976,0.00034687073028150095,0.03580751665947672,0.0035830005545745805,0.00030491370862495263,0.00037376625698441653,0.008258786444166739,2026-09-09_14-32-21
MLP,3,91,0.001,2000,2000,Tanh(),,,gaussian,5.5,1.0,100,100,1000,2,True,True,7,100,False,0.5,5.0,1.0,50962,100464,84.3353590965271,0.011032536532075954,0.000628337461613768,0.02513526133024483,0.0019923283281215428,0.0002342798665298923,0.0008809384841034318,0.005830436996844861,2026-09-09_14-33-37
KAN,1,25,0.001,2000,2000,,5,3,gaussian,5.5,1.0,100,100,1000,2,True,True,7,100,False,0.5,5.0,1.0,1500,2754,173.5450873374939,0.03569104317390787,0.5157759420862225,0.045493654930263236,0.029407317689064683,0.6000343999121488,0.4617641101465261,0.2757334926300652,2026-09-09_14-36-01
KAN,1,30,0.001,2000,2000,,5,3,gaussian,5.5,1.0,100,100,1000,2,True,True,7,100,False,0.5,5.0,1.0,1800,3304,179.89317798614502,0.04459159636740255,0.04035365942248919,0.05864285902621843,0.03558437671431544,0.03379666937576301,0.04455685817039058,0.042472627894945866,2026-09-09_14-38-55
KAN,1,35,0.001,2000,2000,,5,3,gaussian,5.5,1.0,100,100,1000,2,True,True,7,100,False,0.5,5.0,1.0,2100,3854,176.92372965812683,0.08893357122771851,0.33899604227272045,0.07695709037848068,0.09661080254133252,0.3469980834014629,0.3338665287286549,0.21396480675021948,2026-09-09_14-41-54
KAN,2,25,0.001,2000,2000,,5,3,gaussian,5.5,1.0,100,100,1000,2,True,True,7,100,False,0.5,5.0,1.0,14000,25304,252.60251307487488,0.008612083976404412,0.0012609997506603477,0.014618519296364412,0.004761804925147999,0.0007437101747657928,0.001592595632644037,0.00493654186353238,2026-09-09_14-44-51
KAN,2,30,0.001,2000,2000,,5,3,gaussian,5.5,1.0,100,100,1000,2,True,True,7,100,False,0.5,5.0,1.0,19800,35764,271.7295162677765,0.007874363447494835,0.002911899604081075,0.010007715389391717,0.006506830151407092,0.0016550028464166603,0.0037176026538659557,0.0053931315257879555,2026-09-09_14-49-04
KAN,2,35,0.001,2000,2000,,5,3,gaussian,5.5,1.0,100,100,1000,2,True,True,7,100,False,0.5,5.0,1.0,26600,48024,274.0630028247833,0.010034119622405059,0.002183374215932081,0.014659817575844163,0.007068928626610763,0.001062776690253098,0.002901705963162198,0.00610874691916857,2026-09-09_14-53-36
KAN,3,25,0.001,2000,2000,,5,3,gaussian,5.5,1.0,100,100,1000,2,True,True,7,100,False,0.5,5.0,1.0,26500,47854,354.9323511123657,0.0037936954593234744,0.002940182487016578,0.00591752237865307,0.0024322679469327077,0.0020877077461359476,0.0034866406542477515,0.003366938973170026,2026-09-09_14-58-10
KAN,3,30,0.001,2000,2000,,5,3,gaussian,5.5,1.0,100,100,1000,2,True,True,7,100,False,0.5,5.0,1.0,37800,68224,355.461140871048,0.006271558087841976,0.0017541552726529964,0.011825052074155028,0.002711626045333609,0.0008612253184300838,0.002326546268949735,0.004012856680247486,2026-09-09_15-04-05
KAN,3,35,0.001,2000,2000,,5,3,gaussian,5.5,1.0,100,100,1000,2,True,True,7,100,False,0.5,5.0,1.0,51100,92194,356.68946170806885,0.005080784060303364,0.011981431098972192,0.008758773444057781,0.0027230985578966882,0.0021839330827432024,0.018261878545272822,0.008531107579637778,2026-09-09_15-10-00
